lat,lon,shop_is_pizza_shop
31.801985114037997,-91.57564218946312,1
35.818945733643766,-105.40556703524751,1
38.02075569432032,-95.03042255527284,1
38.89440242348386,-104.8338213156917,1
37.337592139905254,-102.31544993995146,1
32.796865438812276,-104.69620014525748,1
38.397946698999654,-105.88385673525195,1
31.09165934900151,-94.7116188055707,1
32.361238236885626,-104.0085717280041,1
36.34437281291736,-94.62403872768272,1
37.6302758613153,-106.59317599054268,1
37.070926592124266,-98.51196625914581,1
37.34449350273508,-107.77909882414679,1
39.201891791160065,-102.87466541726597,1
38.43746424197082,-97.8391190828792,1
37.625643427166295,-91.03964687517065,1
39.04348987945659,-108.46902476163072,1
31.546562661632574,-97.01377905283994,1
34.41289464450959,-99.14695588135909,1
38.911604622862214,-93.06839875078441,1
36.405317787868285,-100.05787892479275,1
38.455381847863414,-106.16095127528624,1
30.075542540657164,-99.89085292073888,1
37.245576917690336,-98.78352848843866,1
32.752690870637714,-102.2230985659046,1
32.26507557908071,-104.00448660559144,1
36.98353333563318,-90.48452559052451,1
34.98994259492074,-96.29781350823734,1
35.25165770480643,-91.69099465942597,1
33.38527407591562,-109.14440191196428,1
35.34548387040857,-105.49614500134187,1
35.804988775880005,-102.06867917646798,1
31.703658177266675,-95.6983443244473,1
30.17699812162462,-102.48838575937734,1
34.73203468784215,-105.7490921467372,1
39.6880118595456,-95.67673388578206,1
33.71065956989647,-104.48515412417795,1
31.838527652657685,-105.91590984943946,1
36.534258769221225,-109.40697698030718,1
32.910088930150685,-91.94433217344415,1
30.01848052372699,-95.98520625239249,1
32.930557302367,-95.31650545068477,1
35.894394073031656,-104.17628358072794,1
33.84284034737249,-107.70255710197104,1
34.06235461202248,-100.57075309739109,1
31.199913517727005,-100.44945557404291,1
34.52572871467175,-99.64480621421464,1
33.57807004062649,-102.19278886571104,1
30.22893977596653,-92.55733410728452,1
38.08310967425022,-95.61554019412515,1
32.63114385604872,-98.16033397312478,1
36.4398738199141,-106.57316268179176,1
36.83811373917458,-109.04634695474985,1
38.37073701547429,-95.00254913520199,1
31.556431349804413,-96.17328531894572,1
30.039168736246502,-97.95626309259526,1
35.39119732443477,-94.6012241419505,1
31.505301142891636,-103.27466763758184,1
36.243959041912504,-99.4993917831393,1
37.03134743262814,-99.69170135798004,1
35.59745304247979,-109.46793137164201,1
36.208078691562754,-102.38257831695604,1
36.05796444996316,-106.97874494557388,1
37.87495512719629,-91.22597867255126,1
33.69253795001268,-97.39672996486446,1
33.27434659664173,-94.62818124627346,1
39.06028060181067,-98.78359319644602,1
38.61222961682873,-107.92668811852047,1
33.815236854427425,-94.65439395393176,1
37.304066485238565,-90.16336589977081,1
36.56440009884784,-104.10974593176827,1
34.21014278634483,-108.4606978398681,1
31.058887087467987,-99.06424955543558,1
39.140896541611525,-108.35460084596684,1
31.25157998510419,-104.5578267035178,1
34.69377886904156,-101.83564088917093,1
36.922920067688835,-103.91870126889759,1
36.78058778537321,-106.47835103028861,1
39.708192537076066,-98.7347869282384,1
33.286096209810445,-94.52206030582437,1
37.3212644271274,-109.06848306930291,1
32.59320689186512,-104.38266774153209,1
30.043126869131186,-99.52553615373233,1
39.56690874563398,-108.12482946904807,1
37.66478512894035,-104.97819277282629,1
31.455961059948375,-97.57539025494076,1
31.265183685900354,-107.90505839604255,1
38.475990054651746,-108.6981843619887,1
34.6924423756286,-108.27056043358706,1
31.398835091816018,-100.85627514439612,1
32.42841581007503,-106.79879562077114,1
32.36137146888846,-96.73000212430024,1
36.85087070225429,-101.62862758328018,1
31.926434426432156,-91.79731090259119,1
32.81991072315417,-92.13191644109483,1
30.034604480500242,-102.13589677460853,1
38.62757130128131,-91.68971551658205,1
32.63232795955051,-100.25141641889905,1
33.97248576914486,-96.24286446423967,1
33.74061026242357,-95.0059708863831,1
34.62172931736103,-95.12549204753094,1
30.74480941636006,-103.76328573538338,1
38.44907276137909,-107.05372209996399,1
39.12389221659935,-92.97920812907442,1
32.646911335523555,-104.65216398066475,1
36.127530492505294,-99.13508281790625,1
38.17374001582868,-109.59323847735824,1
39.10962249652062,-90.75148400803305,1
32.493006646436406,-92.8910470131662,1
35.321864287146596,-107.17444824278641,1
34.00432493608356,-107.95823181993227,1
39.21345360751771,-105.04337779576856,1
34.785042569308175,-105.04692683724521,1
34.002715526553565,-98.83983185996868,1
34.49909057260001,-107.69856024367333,1
39.09302486381509,-106.39761846111796,1
35.053180502663395,-106.55316096971201,1
36.04440513825139,-105.30875917250725,1
39.300210549529744,-102.64439811198338,1
31.619422408563903,-90.16936519087422,1
35.77986807902556,-101.8824665417036,1
32.56187993416245,-92.56703555391961,1
31.192372380509564,-108.08255611092954,1
31.070412975450136,-97.18428595470553,1
37.15537277287142,-100.20867154784854,1
32.94610684036991,-98.65905711290272,1
37.69723153839165,-109.65841103320687,1
32.336291688994585,-96.48850235479927,1
35.31001644491682,-98.88079738004201,1
33.441609152481746,-100.84328924282363,1
33.7087736597521,-96.49476089443462,1
37.05472902434354,-97.67696618483895,1
39.69225752501227,-107.560723614204,1
35.40303433922943,-91.57445584875111,1
36.142969514386664,-108.5526072253397,1
38.79393801924699,-109.01012989432206,1
30.38757376065727,-96.0852080345451,1
33.17542219237777,-94.50123618203303,1
37.28994106556138,-103.22233074359805,1
33.68591423200068,-91.71881066730188,1
31.48188202862662,-90.65516949635268,1
38.44944437900897,-100.46968839367722,1
33.29246641383108,-108.40816526095104,1
37.4549847446779,-104.80807625676754,1
31.8057809280836,-104.51741616680215,1
32.72534623913214,-97.10430513208723,1
38.941793584537706,-102.27584847921406,1
31.42249494072027,-96.81508413736208,1
36.71234765325657,-101.06120295526529,1
35.48206985871559,-105.36791892187523,1
33.45488596870944,-90.65602771648832,1
38.9617545596568,-91.94041127823397,1
36.60730154392047,-100.58556217649702,1
33.92672867602643,-96.92462474663425,1
38.9186965075819,-100.02700945610945,1
36.997385515608876,-98.04011001705818,1
37.248526089310715,-101.31919545759257,1
30.187000094747496,-109.09454191383699,1
32.240924623724744,-105.87482608636242,1
31.116540441805533,-97.94563329026381,1
32.9089820529907,-104.6156085468119,1
34.41476827039966,-102.36527853327011,1
34.42692806231602,-95.1097362395053,1
32.627485246806025,-106.80761087089896,1
30.05209340380136,-105.2544955369486,1
36.4877889565158,-103.86901715615383,1
38.41194373451853,-90.49653400408295,1
39.567019087505685,-104.88397500362095,1
36.3433049053733,-106.19699874886494,1
30.822739689954343,-102.52532692594761,1
36.087338418871305,-96.1071074230906,1
33.87085963974008,-92.47451272740346,1
35.61479042747192,-92.59617102860489,1
32.67926342282959,-91.37413799718252,1
33.575304363487604,-104.04465450841724,1
33.72833236306302,-105.28749817680797,1
31.951158090036614,-91.79728745045124,1
38.89193838383956,-99.34194123408162,1
38.78240023946699,-106.40671193908517,1
31.279817543876867,-91.98551410393306,1
36.19611569249569,-98.2728539203336,1
35.490294329327234,-93.73939348309509,1
32.66460711852712,-103.44482052069596,1
34.89065303514414,-102.1383889693792,1
31.48262226888159,-97.95705694204277,1
36.27228404852592,-106.53460379398338,1
34.69133672100353,-96.22496660957651,1
35.72002100549189,-99.9733678835004,1
35.41299306678192,-102.81797765152787,1
38.69059207505179,-94.0710467925414,1
31.955548252650257,-93.62487362216125,1
30.625475419215874,-90.64123903457666,1
32.934335848192646,-93.90064172109774,1
36.32632240484843,-108.67658659824302,1
31.03923441807946,-102.7261913939197,1
35.90904165831644,-99.41294620819093,1
32.114532232320585,-91.52635244092959,1
34.86148809393821,-95.73853003765453,1
30.11602997227032,-103.47495942824018,1
31.704579249118574,-93.5698809153077,1
31.52323400734502,-93.05057397061917,1
39.16857585896349,-94.06745648155649,1
39.63033728014317,-91.70092535088567,1
36.30147213939293,-98.6032506214776,1
30.49554175727882,-104.98572139575975,1
32.85927227302794,-97.63526412263616,1
39.06655303073728,-91.4916415287834,1
32.17209719634225,-97.99975223121542,1
33.33632037733526,-97.60800833606565,1
33.02501572143711,-104.67761472826217,1
39.73705503861966,-94.70234617964556,1
31.243096182125242,-103.93206592303306,1
32.98558843264581,-95.90030285269003,1
38.703921932715126,-107.04141881240724,1
30.94212738248037,-98.4448634194084,1
31.050153159493753,-107.23926637450995,1
35.825435936642464,-100.16403774474504,1
33.09924146100922,-106.62521072949355,1
39.32841366534524,-107.20646553718333,1
39.53168123158486,-101.32171727550823,1
37.27794148802266,-99.42590167101287,1
38.59781429831068,-97.68881910685421,1
33.09941894424504,-109.29409333927414,1
35.43728633384634,-105.1143986673509,1
38.937657008071135,-106.04406952993473,1
33.35439075034459,-106.16347976981993,1
30.47578526539844,-108.34457492783699,1
37.87416874014706,-96.87063580318969,1
37.98273176004,-93.6018636190399,1
35.64320897939068,-99.89056801127836,1
37.71790184095085,-100.28649956682303,1
34.23638071181662,-90.04058388172245,1
37.57898935284757,-108.29282484955351,1
38.97300991999585,-105.12585216533809,1
33.11812917270777,-99.31164536602967,1
30.706332768432215,-92.7089344073607,1
35.07007318001045,-90.64854566366778,1
33.332448435396415,-100.39349634210213,1
34.68677251758407,-92.87950628018869,1
37.10519402661304,-107.27912376234882,1
39.702382121526824,-102.76291256489469,1
36.68265272478425,-105.34075080181627,1
37.42203851373242,-92.64360044811347,1
30.691204817972,-90.0119118589804,1
37.66154434085878,-107.27714438030111,1
35.155873347216186,-108.2702256935662,1
32.57278115749463,-91.56785296655754,1
37.31464761171257,-98.92694391728938,1
36.95871717868265,-102.57495416537395,1
31.836583945869634,-107.17945344628195,1
34.31524506484141,-106.80181798083402,1
37.222904803233305,-107.7361444010215,1
31.514157664614935,-108.5919514998252,1
32.440687663480055,-102.01982238002381,1
39.223280073507894,-100.42141408382504,1
34.64742685161353,-100.52337318911286,1
32.49705910029989,-103.22439286975258,1
33.475118649468705,-99.49872190840227,1
36.39278552072678,-103.55432839152624,1
34.28619328740464,-96.1870566524449,1
32.18823761191605,-104.96132957162894,1
34.55805567012347,-109.24404332796328,1
37.79238363467475,-100.97124966796702,1
37.475838411383165,-102.09841002579897,1
37.39932489787421,-102.4925766198386,1
31.480534131968923,-95.02516016311549,1
34.807060437522075,-97.10617588124232,1
39.30301199490365,-94.27291542312844,1
37.94712501898604,-109.38048826234167,1
35.17384859203725,-98.3497277597884,1
35.86224933231555,-109.7343893524356,1
31.812170685832367,-94.40378257381332,1
30.61608504280216,-99.39694102741008,1
35.31710047619272,-102.59962833123325,1
31.135133884436883,-106.93313718746798,1
32.14557101321048,-109.50227696002591,1
35.90241916333077,-90.37456623102725,1
32.105176929802695,-96.64332814941997,1
31.560056259294647,-96.42827559900263,1
31.81288050688965,-99.38036898503462,1
39.700968845529616,-99.3974184084054,1
38.89114316902892,-93.77165415356315,1
34.738928288141885,-103.57609905291945,1
34.662985259567414,-102.75986943546391,1
39.376577389076196,-106.17936904141037,1
30.357794300514737,-103.64440154178841,1
39.66983203505768,-94.07026273235606,1
30.238223133697602,-108.18710200799737,1
32.22123313825333,-99.98490375146545,1
38.713974102216504,-95.39327651957096,1
34.16965203890473,-90.17743935811124,1
35.36349371416253,-95.8840322965857,1
36.332666501205,-102.680189896842,1
30.372310818824396,-103.33833498531602,1
35.63283712230848,-91.28534035436365,1
38.76622643680519,-99.11282465396617,1
37.99430729005915,-98.28186900308627,1
36.08635545646076,-94.58682285719891,1
33.99142696058728,-99.41119320902222,1
38.18523705834088,-94.36640479530729,1
30.1255298834417,-97.51111736414975,1
32.73924303604554,-106.64893149796441,1
35.09653306865439,-108.89290259709028,1
38.35238845264618,-97.5785111785006,1
36.26998723872016,-100.5593613813872,1
34.03770852453082,-93.74991455877563,1
38.84633537133758,-103.07662200885174,1
36.7106918339072,-97.81313551525062,1
32.01809867199365,-91.59926033529673,1
36.4850797767661,-99.17824831237525,1
32.54877503760655,-109.30687994069747,1
31.110178350884212,-105.52242272269339,1
37.2278153728983,-100.9896319350942,1
34.93310656578817,-103.6068254968796,1
37.60137636064814,-91.73387618399668,1
30.47295477424799,-105.76510242075608,1
37.404521496247824,-103.4818155463974,1
34.957223941284276,-92.25495745306542,1
34.828803563202236,-107.20937911573391,1
38.944226350313656,-107.17202102032122,1
37.280034039585445,-108.89389664162834,1
35.28507947541474,-95.11217373168373,1
36.24591106538997,-97.24046072345983,1
31.9573960123629,-91.20973474923979,1
38.71712988873683,-99.52518760025852,1
39.1374875916053,-106.59537429966049,1
34.3522969372902,-101.97592143894816,1
38.08542141244436,-90.8528897802781,1
30.907426682171764,-92.26267311151543,1
37.27121811227978,-109.88625093406958,1
31.915807880935063,-94.45091836297269,1
37.884431547463805,-96.28042941317925,1
33.181603544953276,-100.65712205760876,1
33.14983870475949,-104.17643598959218,1
35.84666170527942,-94.0552419536196,1
38.69473050666552,-99.87419889142247,1
33.34325524559617,-94.28101314024403,1
30.1943895822225,-91.02601531467842,1
34.12358610956052,-107.2020252140075,1
37.42776889509818,-107.75894311610728,1
36.59388133959965,-92.94294243542437,1
39.966948393729396,-103.45420821032813,1
35.95173181357195,-92.29646154434775,1
35.58991859092059,-105.5405553709085,1
32.23278353980203,-106.75264628237764,1
34.64712608432409,-98.49255625118823,1
30.320449780210655,-90.964292373439,1
37.027993556307834,-92.20805110686474,1
35.67187801576032,-105.18019324472053,1
35.99337512944811,-97.69475396650799,1
35.06760943170547,-92.06772743360261,1
36.83552628485112,-99.49517493601485,1
37.4800057837708,-100.01114028342296,1
30.257712254544952,-90.26616279702128,1
31.628215402851765,-94.40041355964969,1
37.83024172168116,-92.51752369295636,1
31.918713010911304,-102.79318966776583,1
32.20791552047724,-99.01305938870792,1
38.2799280946398,-93.76549708947536,1
30.780487993165238,-104.28163379586292,1
35.61150346685711,-103.1518071380338,1
39.827093137655524,-93.68056116275609,1
39.477412215035365,-100.16622108738761,1
38.38793648351875,-95.38193696404915,1
34.49014134069475,-104.09020798593056,1
32.41953962703592,-97.21114442782529,1
30.512565503847988,-95.7806311267923,1
33.65235986981995,-104.10608383086698,1
34.85654911747897,-107.43194988614289,1
38.56028694130628,-108.86221598120528,1
35.82172956056983,-105.30123122250882,1
32.67028502292233,-103.21417501095466,1
33.72962058770041,-106.10184510242114,1
35.76088663351719,-100.82811241428801,1
31.576575640770137,-93.07679078846708,1
33.77152566506185,-96.01491327768123,1
30.689646921319746,-105.92560651231798,1
38.13374729679702,-103.90231528102147,1
34.50982775437258,-95.31554636387844,1
36.8878634881467,-106.23428403842037,1
36.99420221916425,-100.4926381889173,1
33.30461021224347,-106.3944691779035,1
32.98598608469976,-91.59019084922815,1
33.631572616202135,-109.51002573974759,1
34.265141458756126,-91.69400043237636,1
30.65683352446936,-107.90053089314313,1
33.298514281804415,-95.81372828228999,1
38.294337255276545,-104.30030091477452,1
37.07169512077036,-90.9398896461079,1
36.528657921939,-96.15426732015109,1
33.21620732625111,-96.06302785416652,1
35.58161129078469,-108.17912286180771,1
34.07837907066778,-91.70725727239359,1
37.70625147097377,-103.22087266792056,1
30.15732575368839,-102.76426023221167,1
38.056146754832085,-103.28432126112119,1
36.19088570480861,-107.55019042234697,1
32.510503639699785,-99.23520096004255,1
37.00498400415843,-100.36240107428743,1
37.33988300613046,-91.76760426409822,1
38.23109256159471,-98.68024639584068,1
36.26497289572825,-90.34070054882359,1
33.28863409580724,-100.0154629459588,1
30.30765133376021,-104.1613956197172,1
30.21773825611879,-106.90815200232116,1
30.955222630915294,-105.875041250054,1
30.824503554880998,-108.19967124267221,1
32.3481559651667,-105.69831928111411,1
39.87666636158514,-98.72319476472398,1
38.55919229219992,-98.31900124709995,1
36.11234025517782,-100.94143208738126,1
35.66089276016976,-90.940335851415,1
30.94759864226899,-101.27235937786095,1
37.1745078154562,-92.30895352877388,1
36.78077980668544,-94.0465571343461,1
33.17845845247567,-97.53881624907036,1
31.658145539024574,-108.6961190170839,1
30.39747546728639,-92.78997592324203,1
37.37964519886105,-106.29129472449152,1
37.15940637569645,-103.98180887363115,1
33.63803376391885,-108.8333932917675,1
30.47724136774582,-94.50907379526123,1
30.098027621876135,-96.5383844688953,1
35.200652850454084,-93.86736703178643,1
34.28386516432413,-92.55859709300674,1
34.90469824622902,-102.44247949137534,1
30.07499629106207,-94.5370336917114,1
33.05836181498405,-103.0098494735163,1
33.55533428354593,-97.13781924701286,1
33.84762686731046,-90.91165510868672,1
37.53104795014735,-94.08577778621496,1
32.16937230144932,-90.71899143237717,1
34.31277413816893,-99.67388861231076,1
31.43770025781893,-90.7741747687374,1
34.99542367724101,-100.27689896090921,1
39.52577786514942,-105.67007044764885,1
31.621830258055105,-91.56621656767126,1
36.84292712508514,-109.30106186578405,1
35.62412739614699,-102.47854749395027,1
37.39971161575808,-95.72537924165036,1
35.993512477456164,-100.6030387977923,1
34.66793069540714,-99.07537465771306,1
31.292602927308813,-91.21582434937889,1
33.826421764509234,-106.89538830456198,1
37.464561538746956,-109.38461779134286,1
38.00760872575549,-104.9234164721461,1
39.07336711968849,-95.77409193391858,1
33.144455582852615,-102.80542666185808,1
37.790577898042784,-103.11351902210413,1
36.76805305826819,-107.13094385637842,1
38.546745847792145,-108.85176336057522,1
36.86955197732406,-97.92519809836912,1
33.92798092478877,-97.09738607994089,1
34.98660145627914,-101.7058658404647,1
30.702163319636377,-108.64303268274288,1
38.481081362427545,-102.8046977568917,1
32.72161716903631,-95.67962681332014,1
32.653224313735144,-90.81102252211254,1
31.392345727968056,-97.98481694379898,1
33.02811224399886,-107.18462542596738,1
34.276792257549054,-106.64092396302944,1
32.86133825110811,-96.03087546035576,1
38.14257862596497,-95.25777791548533,1
33.81805272705495,-107.74261049190062,1
36.9863684120497,-96.65470020931114,1
31.40617380241002,-90.7542162802643,1
37.57666882698678,-98.58034616064535,1
37.76107253743877,-90.5876288880693,1
31.01255658880377,-103.48247920168144,1
39.72671555145892,-103.82439128140894,1
31.37551648768316,-104.110591790448,1
39.36455835673927,-94.73120398387982,1
35.91364302432863,-101.31951443675979,1
33.18064189550876,-94.43740118267763,1
39.07321056951836,-94.01969790678532,1
32.44847841158917,-107.68786650835314,1
38.04734746841888,-100.885708350034,1
34.32944421021579,-104.29414726016125,1
39.77210790236659,-94.66012488222636,1
34.250865618061184,-108.88299300519286,1
32.21071005970039,-106.65938226693498,1
33.19613778560067,-92.10657976463598,1
30.572387022313546,-93.78771689816963,1
35.35223325909992,-108.17384765908564,1
36.66733712537025,-106.12073569778536,1
30.22965293472985,-97.31763654399043,1
38.22546102120067,-101.43997343131667,1
30.23359180129596,-104.8126664035645,1
33.8084707170246,-98.50462510636778,1
30.96335374036741,-108.10883260778488,1
38.138577359701124,-94.0660683928092,1
34.109066647279064,-108.74549440053637,1
32.91058970749445,-107.41385283698591,1
33.35188085331286,-98.32669224534769,1
32.665466822948886,-94.77880307150117,1
38.64219672727294,-108.24034444136142,1
38.54609096189187,-105.83579932970962,1
30.36334516481779,-99.59499826648046,1
38.25661083474086,-102.5610455497644,1
33.430296490752426,-94.59709982487075,1
34.47305896352647,-99.14832673788192,1
34.259477828790565,-105.47047558160656,1
39.501437924875475,-95.42022369310428,1
33.30873499465428,-91.56461940627686,1
34.83108136495267,-100.22214468714849,1
37.700617965658374,-92.47286798842993,1
34.528978734011524,-93.93058190013461,1
35.48702335328181,-100.31184276065304,1
33.80303697464093,-108.75812462129139,1
30.0956764461637,-99.56489858871207,1
30.27231327641634,-99.76409312732345,1
39.93269668145696,-96.06698558578302,1
36.544848896579,-102.30447029730333,1
39.95100545935914,-93.29757510230948,1
33.375127802638495,-92.92979222074604,1
36.777069966128295,-104.1526487033941,1
30.034043531184857,-107.5005754065315,1
31.004154178323287,-90.38035922688073,1
39.645529431179746,-93.81401318444927,1
37.64269555044888,-93.50105722919312,1
36.20662965354901,-108.46337152671326,1
38.9837841921477,-109.22316694338572,1
35.41547901898322,-97.44959447934785,1
32.28083088188592,-95.12071593635913,1
32.915544627340886,-99.68536882528949,1
35.95672837053669,-99.99557598213183,1
36.41317945053971,-96.80634421079147,1
32.53757089718945,-96.35733429922963,1
34.212018873151564,-98.42301899565331,1
31.943350965042995,-104.64969941256709,1
34.301390732525334,-92.25953423543038,1
30.58544031698474,-92.17298706276888,1
36.784301000460545,-90.71941447658864,1
32.414772508626136,-91.66130674511504,1
35.08743747007925,-93.13879579846585,1
30.444985806049306,-99.16479980054768,1
32.73356752278387,-106.59962297777729,1
38.53395853763837,-108.44667378585204,1
37.77928627733183,-92.35508371723341,1
38.4497162063276,-91.36786898252919,1
39.70537064665937,-109.49933757019157,1
33.50030888300965,-102.16500643109157,1
34.855886339930606,-103.29407392933928,1
35.984444930972636,-104.67870522884651,1
33.75917230195601,-107.45836559404309,1
35.63303727080335,-97.51197899282538,1
38.60115651354704,-96.30681829691297,1
36.4770626995631,-90.66828279290702,1
34.43327296967635,-102.17858886691243,1
32.35861764107589,-104.563700768912,1
37.19374505131178,-101.4805152232166,1
33.62441695643575,-96.22465820227907,1
36.85622095952391,-105.14158902864479,1
32.01107585492175,-99.7145794598999,1
30.416120587053317,-93.160840568286,1
36.35354890033898,-91.73430231640407,1
36.14519447801735,-97.17313727148127,1
38.94811537433682,-101.81158276709269,1
38.645867552167914,-90.09863376791712,1
38.62917623694825,-108.18625603015404,1
31.481862952707743,-104.32007767528174,1
39.00223467100923,-99.7389765102088,1
38.81055086821986,-91.77447246739658,1
32.91165152552881,-92.45202390344377,1
34.43969269822263,-108.1732801391976,1
30.411594644603053,-95.26868580868748,1
30.977116912802998,-99.79029273982047,1
37.552870990977155,-94.97386105275298,1
39.78152332141515,-109.44578992036324,1
38.876755992090835,-102.75367976664012,1
31.762990217323306,-90.8906245903616,1
33.80679176339767,-96.65205009307185,1
37.96491379543967,-108.82309990044845,1
30.942347975475474,-104.69747178072225,1
34.354105065672364,-98.30329007808058,1
39.90246345021116,-90.68750537730944,1
31.270744325660253,-95.58099896285117,1
39.56719434328153,-97.5511412760946,1
31.561386409030007,-107.55679984582437,1
34.16374147800879,-99.51984956632656,1
37.331733116659905,-97.3701849236907,1
30.113840087930214,-106.24445222062486,1
33.56659209193276,-96.00278370386407,1
39.376775161657235,-94.07288591296492,1
38.40294343629533,-102.37236666096389,1
39.10929671926792,-97.3414979995978,1
35.2969184495581,-107.94815491341214,1
36.63361905679302,-95.38735758332585,1
33.52722239453798,-108.37561294436235,1
35.50706718815432,-108.53154567830326,1
35.60060891332527,-97.20345598569655,1
32.668496494501056,-100.04448444459605,1
31.742630113407028,-92.5339158661256,1
33.910601553630606,-98.09104735793994,1
34.83155006158496,-94.29482761338686,1
35.86664807826641,-91.88201797354705,1
36.97633859152988,-109.0682237101281,1
36.2479499849989,-106.41968651279741,1
33.13337683796819,-108.6243977073087,1
39.23580188409221,-95.56401417168829,1
30.44081264438502,-97.8020609219174,1
30.543473130539205,-103.2399827850041,1
33.40248652481243,-103.31440603604189,1
36.19313794096645,-102.01000151021717,1
32.33057808319307,-104.35830925959486,1
38.89386921821322,-108.26609985633226,1
30.471290423559296,-105.2690183769953,1
39.13748860843695,-102.78599846484305,1
38.0596286478537,-107.89481254148006,1
32.53306787211696,-94.46320734518727,1
36.091017189160276,-109.67758754138686,1
37.19146667115969,-92.03722269097285,1
32.08963275181857,-90.38292318954167,1
33.64416114935959,-97.3543876620201,1
34.26748276981757,-99.9644674479882,1
31.071248525332255,-95.50915667912695,1
37.81792340152538,-95.80505731340166,1
34.787230459782954,-92.61835391064264,1
33.4650300773666,-109.99121063746964,1
34.589421475935346,-96.42092558673589,1
38.307542919646046,-101.57334025757281,1
33.56851887663821,-106.35644841307713,1
37.66490803795087,-90.91212608736564,1
33.871708610254395,-97.60474207681841,1
36.519112154112264,-96.30095662815701,1
36.301721395134116,-104.41873561158654,1
30.864304094519177,-90.70072305843672,1
34.12419024411721,-102.75984894611547,1
34.61153581402659,-99.39543342105038,1
35.06239162029489,-93.9284455698675,1
39.484075029645695,-91.73310813758133,1
32.657406594349865,-93.1047464105551,1
38.91861876227835,-94.23220896296387,1
33.52258330365372,-104.2950171302336,1
31.463710870668326,-104.65542386999752,1
30.136701673529025,-105.22127334142176,1
31.493997552173443,-93.7900943288329,1
38.6891766981255,-107.01301644655993,1
32.356159544741786,-102.0286525705646,1
39.09498066859454,-91.37802879944256,1
39.011685067399426,-100.76738896832391,1
39.88942440013089,-96.11315241804684,1
35.19557776083037,-91.01703926184882,1
38.913967058803095,-97.66709872691114,1
36.30638228781777,-101.24890773556142,1
35.46390093038928,-108.02190957348289,1
31.947590644726183,-102.45517296045468,1
34.49060662775084,-93.46626112890272,1
30.937724853824143,-90.16688062058766,1
34.67654328923431,-101.36874053331411,1
30.459605380228933,-109.60044297862864,1
32.403473231967055,-97.1516338929323,1
39.7954470184197,-103.07554939937185,1
38.9555918123731,-93.86715877807562,1
30.328274037377327,-102.54514990973446,1
39.15345599016102,-102.0710437962903,1
35.425535283241146,-100.44926182881616,1
38.86715046408841,-100.89284060376094,1
33.81185983626685,-104.25403512560251,1
33.66863116089674,-92.8465145799658,1
35.30752051054739,-99.76131582608703,1
35.10407258094921,-100.7996627690581,1
32.359118689923584,-95.57279786140798,1
34.61250308509614,-100.5521372304642,1
36.93323160647584,-107.99339659265237,1
35.02048013664952,-97.1834619092362,1
38.93701055505586,-102.95762173272938,1
33.862413797822654,-108.02230594846753,1
33.84550833273226,-106.3655323951657,1
35.31543604194525,-92.5697102497088,1
32.22172743894173,-109.06582832488702,1
31.412390973192984,-98.55017431999035,1
37.224760925145574,-106.50481647534897,1
30.519727736116923,-99.48466302323276,1
37.765194792915764,-101.34432102501627,1
32.44947720092908,-102.97783237178874,1
31.764363769599807,-105.35281709222767,1
35.817290333264765,-98.62307825236691,1
39.799032485197465,-101.8708104300792,1
37.50041383430964,-95.23651697410126,1
36.31932930985957,-108.17678085471908,1
38.4969386691642,-95.98717950250385,1
39.820972547392024,-96.03067686107846,1
36.9257531365905,-100.7879279919819,1
34.72450093079512,-94.2905233545143,1
34.61427693054162,-102.33934165425902,1
31.95791171260609,-104.34088341951774,1
34.97520108422068,-100.60256502433259,1
33.59022257787863,-91.58298841470253,1
30.69400995938672,-97.98952783609157,1
31.93225409371053,-95.97988250476543,1
34.798480652252664,-104.25243519292385,1
35.85084022146138,-109.78161388325256,1
33.029836313838295,-108.69651307215312,1
35.34298352468772,-103.20873179591156,1
30.130891725548018,-107.74520790557057,1
35.2499358108336,-105.47408166736847,1
32.74118094271837,-93.15476931917183,1
37.906127047344995,-93.70805140999438,1
37.951424759009356,-109.47078187176704,1
39.34179185364477,-107.92476905470618,1
39.61636037268727,-91.97710417632847,1
35.207917050493265,-107.38047021544119,1
31.27620715450925,-101.71959394271724,1
38.9562884493003,-103.41826686337616,1
37.54647783437431,-97.82024869237759,1
39.84481645620252,-91.50376381758792,1
39.09638416362898,-104.48690991068972,1
34.789086651909415,-101.65240439777232,1
39.87585144992662,-98.35967307630942,1
39.05630706098795,-93.21474154882038,1
32.97782037717647,-105.56089271676335,1
33.935254150153575,-96.19871241641403,1
38.403755289853564,-107.10227717465104,1
33.36572364036628,-92.20949801758931,1
38.404309388270796,-94.864858785783,1
36.6103050505715,-91.86372052508294,1
30.007696034068697,-98.07232304591231,1
36.746704861928194,-93.77731886695864,1
31.667123607634288,-95.12893717741915,1
36.65432040245607,-93.43169162181819,1
30.659294018491085,-98.39657841433167,1
36.37796237240412,-96.81261134601269,1
35.68959831242878,-103.01523614000654,1
38.13740401905671,-95.43349455112103,1
31.293374733702993,-107.85698316747566,1
39.207748848413715,-91.71965418836629,1
38.660111557689135,-104.1288558911905,1
31.06990054509454,-107.88405607058182,1
30.223262895608027,-95.56855198966188,1
35.245610554371986,-106.2573135109633,1
35.308507352319474,-90.85349604732545,1
39.23676234488949,-100.32341129945492,1
34.64358623867511,-96.40951604156545,1
38.94925901012251,-100.81038462863091,1
32.86107082196744,-105.30513643051614,1
37.86882795932527,-98.93355674880989,1
31.39808299228186,-96.89208757836703,1
38.63650648119165,-98.39762997681756,1
33.61089694906669,-93.83507318379708,1
36.334925339110335,-106.34614230705141,1
33.86536250388208,-92.83673571495761,1
34.60701221855498,-104.57221841965506,1
38.52203461540364,-107.47401889501124,1
32.2839208885467,-105.54221119081822,1
34.42560069540446,-96.35445784566876,1
37.11509441874351,-109.91234923302596,1
38.823623836354315,-96.21534659480852,1
34.47233521353124,-98.1791247027475,1
35.943084645111135,-95.23789457395925,1
35.5510491585922,-105.24298354547251,1
39.336818768921766,-92.84471442903921,1
38.61136252562086,-104.82696733974801,1
34.04842175907475,-107.17424443409399,1
37.080643770292184,-91.31360233736393,1
37.916271836373774,-90.15832826424224,1
37.522093688216636,-91.67294430433951,1
36.58012768021063,-97.41660384547168,1
32.36980655657623,-107.78355372389915,1
33.7354265136433,-93.01483745594375,1
31.32476123476902,-99.58703218358825,1
31.645384963390764,-91.76512459571506,1
37.020556822191104,-100.93120609288641,1
35.035007114160344,-105.46377480345616,1
30.605125533257954,-99.12721373647555,1
32.666642762452845,-90.34124003790491,1
30.882624676297727,-109.76201394935595,1
33.32378148080649,-99.49985470059036,1
37.06124661531207,-93.1246266840796,1
32.618198808951895,-94.48943536099586,1
38.019771745351,-100.15691906705837,1
39.329168375365946,-105.70677399863244,1
33.459400774798425,-102.11967347760782,1
37.35785229188093,-90.53722658975636,1
37.49502475028815,-93.49440839227988,1
32.73996251491239,-93.01902385576314,1
39.73019941466934,-96.90360630343636,1
30.32619304995883,-108.19324490709353,1
36.85052813061411,-101.88585795396266,1
33.20982677210543,-105.7454325135045,1
33.076624256598436,-98.89685899939836,1
32.88891634979568,-94.62102486511651,1
30.12868981348445,-102.79088417521235,1
38.2737669302539,-100.34589524176263,1
32.84175931040165,-109.08421739987567,1
30.091462373126518,-93.13803651497557,1
33.81257774997283,-93.54061715405358,1
33.15438976754877,-93.10543924800221,1
30.359790811893113,-106.47088537525488,1
39.53257559031379,-100.48212641119335,1
32.14376303062625,-90.96893823251375,1
36.193557949981034,-106.01007050734161,1
38.127512750860255,-109.68994900988002,1
34.13231884149752,-100.51542922457182,1
33.981795465680506,-99.40266244286727,1
37.2515447802149,-92.25654125153466,1
32.54877986323001,-101.71381572439815,1
35.71540887682439,-104.24653319765636,1
34.127971668038114,-109.55183890604212,1
39.906394247232505,-105.14278639483894,1
38.2660879573888,-95.84298630393761,1
33.71628408617659,-96.56676854177513,1
33.31668431825794,-100.866491353734,1
36.62947586130123,-97.22500654510115,1
33.606443845775885,-98.881138154012,1
37.359118918395865,-93.37918237816822,1
39.90361327316787,-92.34796160010957,1
30.24387268653218,-99.84369457397074,1
35.29108554793002,-108.72714203107216,1
36.815064802671856,-100.72429520999431,1
32.851439935763494,-101.78008172831976,1
34.43620151907606,-101.45791658869862,1
33.51341215598736,-93.61913064233303,1
34.20756982904838,-107.11032059287778,1
33.10962574905404,-109.06344422155121,1
35.653671663599994,-96.58328428448706,1
37.38945441808336,-107.16622037476984,1
32.7615165716381,-92.6275618964535,1
32.79069463840367,-93.06239547021356,1
35.33775553021485,-100.99022045181634,1
34.74079837209813,-109.02525653915873,1
38.17499328996676,-99.35151679544168,1
30.637779444614594,-104.92920059741776,1
33.54320383862705,-109.46554873267922,1
33.48773036518247,-102.44026119533508,1
39.08111909536407,-95.3713591189464,1
35.86528784187235,-103.7123641392977,1
30.881442610895355,-97.60564961722639,1
36.428470621336245,-106.59429268236053,1
30.128541367116735,-94.52720935681559,1
36.33813455229788,-104.80354873627522,1
38.18797987336741,-105.06150547500376,1
38.54391140644657,-108.95082145551143,1
33.21759648114123,-92.79110701345927,1
38.367882881017174,-108.82148161224534,1
37.28017201454555,-106.78623137573348,1
31.622500754061797,-109.05732260207569,1
34.43343428740835,-93.31574964931605,1
38.84958389462558,-94.84550735970916,1
32.83873806250494,-102.76075674579847,1
30.14939710996794,-106.16020718362648,1
30.93225368521729,-102.86220285394346,1
37.134147355146325,-101.95724150890433,1
37.14492715799129,-100.92780533226613,1
38.47378520257345,-108.66888546223093,1
31.538379153552114,-91.87442217480206,1
37.33522878181151,-105.07999651785397,1
39.35202185947301,-97.18949307573308,1
36.16581422868226,-98.34536657979285,1
31.105119280107065,-101.56172295170163,1
35.815290978110674,-109.71643512956533,1
36.10749840885539,-90.32566455081307,1
30.495080686705542,-99.59983909763747,1
31.78707881101614,-99.60974953197703,1
38.264893420485805,-101.82669647175351,1
35.06513845743793,-98.93377499951508,1
32.590010473738566,-90.37621697978979,1
33.56796575734174,-99.684514135912,1
30.88085208649125,-109.590091410056,1
37.181866097455554,-94.16541509559565,1
38.168002416698606,-97.4880734416096,1
30.807496780500774,-103.75195954002304,1
38.87789990369177,-99.33627192029735,1
32.33706621771168,-108.80931515700385,1
34.220969510921876,-93.53300230433403,1
33.106498884815466,-102.69619449899011,1
32.48364138038497,-99.60117578930141,1
39.52946121173317,-102.5375683815595,1
30.06245389783585,-101.69165608316408,1
39.684578287705776,-97.81302992080671,1
37.91921346427504,-101.3000151047447,1
34.55796487509484,-100.5489289908264,1
30.680203515008934,-102.87931348886957,1
38.56785304351072,-94.94951481741182,1
30.791611996680675,-90.5322164954962,1
34.9989920166618,-91.08944163200414,1
32.95218768864572,-91.6593823300305,1
34.091552792474154,-109.91759750568022,1
34.755859334653906,-102.608950077488,1
35.23659470982507,-103.2250144139215,1
38.7390471864134,-108.01572283030353,1
34.678541828924274,-94.7993009228665,1
37.88260608783231,-92.29166159544789,1
38.237937016399044,-90.09906821650029,1
39.4064708429654,-105.51283137059983,1
34.031354711862896,-97.33985266811148,1
34.440666544183415,-102.32810749584698,1
31.309728840116236,-101.52338372811407,1
38.392976087072746,-99.75006366560517,1
35.83110362277761,-105.46898536402506,1
34.304972632929065,-104.56384985398041,1
31.67050221502178,-107.73165774116262,1
39.75507785932281,-93.84991949796996,1
38.06121475876908,-94.96411997521592,1
33.72667403579634,-92.18548304496079,1
30.16018570027692,-91.82326104537704,1
34.13383939750044,-106.27172169159692,1
31.374871512499027,-92.55748166505451,1
34.804984686074874,-105.8158056731141,1
30.117998707009562,-99.42602091682582,1
31.028001021138472,-107.6499147874456,1
36.468097049245706,-93.66785840276538,1
38.618925378952866,-100.24363608188234,1
30.569491256202788,-95.31677353174094,1
35.828218378103216,-92.77115598364128,1
31.704484892037236,-105.85951615525306,1
33.54217554094385,-101.80930972936508,1
36.159033316057815,-92.9344212523826,1
37.2668831989525,-93.12976270610207,1
33.09476204597921,-105.35409797851372,1
30.45706190243556,-91.58688124931602,1
36.45321736919481,-105.73009401048196,1
31.387115110186574,-107.30751920036367,1
32.3482896469944,-90.90566101914973,1
31.270019723751123,-91.42063131835725,1
34.857259522387416,-93.50152183711657,1
34.60635236761219,-97.31352712144681,1
32.486227250770774,-99.87088900871039,1
30.033089219806353,-100.12929655378744,1
34.00924605600069,-96.22791929555592,1
35.4437729409308,-96.03398455619052,1
30.099330351283637,-91.80830747536845,1
33.467818518875056,-94.05412228870641,1
30.12243724005981,-108.2535675353181,1
38.267411623762385,-107.74820917521718,1
38.57031953532268,-99.32082842517782,1
34.89492133635404,-103.98510145402071,1
38.364890200193756,-100.21086662210398,1
37.4422823810318,-96.19395254731953,1
37.37190298477667,-108.34845901473388,1
36.98730142983174,-109.65649795030208,1
32.81248256068203,-96.79168505118682,1
38.93091540975619,-99.92531365970095,1
38.261657582218206,-107.59649871260427,1
31.34793042534622,-104.46156325740614,1
30.71671621507435,-105.52348408634556,1
38.02753491498935,-91.11431147812257,1
32.62559475249511,-99.65417107292231,1
30.335250542305623,-107.01608126157858,1
35.35045316712761,-104.63749214681484,1
33.93032153698825,-94.05341091207323,1
34.63231558432349,-93.6106220410857,1
36.6259813469913,-107.65785159349963,1
34.932766517954356,-100.43813007439186,1
31.58396045424926,-97.17389015250876,1
34.23776100365335,-98.85859123440072,1
31.42110268997078,-94.1263460378581,1
39.80467924452408,-103.11225521908244,1
32.88111955168337,-101.58022352612943,1
32.508081445217194,-99.00691459454761,1
34.58733176705305,-93.46654610654254,1
36.90769148128492,-105.01495346798819,1
35.54947962085283,-92.26052250186153,1
38.65308869328828,-96.68362816411262,1
31.091920720059726,-109.05310077057771,1
30.312324224829396,-97.9881142706897,1
32.08828879006879,-102.55120342195367,1
36.042574144040685,-100.41606507624476,1
30.167431655700433,-90.455362861813,1
33.99642501311061,-99.70468278057328,1
34.359781513455516,-101.59956052068762,1
32.803871171761045,-97.87867497400416,1
30.4123516876683,-108.45346889197988,1
38.52600128193543,-90.04519918037177,1
33.26445080625984,-95.28434222349526,1
37.26987963778265,-99.6880906737853,1
39.54803214876534,-95.49938431180533,1
32.019735051969676,-94.88831362529884,1
31.06237328208332,-92.3507277067188,1
38.21222453143153,-98.44460101924352,1
32.71175973514758,-108.26001663750588,1
32.26432471753893,-101.79741326112385,1
33.273633938030315,-100.80287251287835,1
35.146892664878344,-101.2063646357375,1
39.26908020985132,-97.52807181308359,1
31.93894850595386,-96.94399563269711,1
34.646304287078095,-91.64891249125031,1
31.43457004186498,-99.30652698986607,1
38.35868867745927,-100.22470024389233,1
30.910773564798077,-93.7128152634732,1
32.09907576172702,-104.89763973270189,1
34.64052125098266,-94.46615865877192,1
38.68814320567519,-96.84055561572332,1
30.329325520726595,-107.46087772154387,1
33.486482593310235,-99.98096372098205,1
30.622568398714463,-90.85298451177891,1
30.223154495801385,-104.7712347867081,1
34.17690728336726,-107.77607936705792,1
36.008299603407025,-99.28080080828848,1
39.86430933216098,-98.79122821298658,1
32.34796017374821,-100.32621348662505,1
38.106887639975966,-105.02222213392595,1
33.09921081165852,-90.63496500424513,1
31.768574199724274,-95.0571281390264,1
30.12986582107068,-105.76997149954151,1
38.55839007277842,-99.79266197662993,1
30.89588663098126,-96.60697277781958,1
33.597079891717705,-102.46735397716989,1
35.13072586566402,-107.20319416946383,1
31.245905797611094,-97.1085870702692,1
30.744111329453016,-76.71213577533962,0
33.56615568211354,-73.0837986280228,0
30.58270963534354,-71.64969232463102,0
38.49807887884831,-70.80438193437043,0
32.3613352860334,-81.59735064690189,0
38.465685763318525,-76.56461285604071,0
38.45549433237652,-83.48678679363108,0
38.824705816344405,-89.45664557781456,0
36.259784336682564,-77.04500766283377,0
32.29873116954042,-86.49599022279315,0
35.16610979547872,-73.04137814815059,0
33.25502147243701,-81.40357368909605,0
30.32100341463512,-86.42995703305995,0
38.295605764134045,-76.83450563688183,0
33.95152722190852,-85.30812795424633,0
37.14710393280334,-72.25265960609424,0
34.83381326808097,-70.23758885151848,0
30.851418806504718,-75.61274932743176,0
35.338849369453044,-82.58435009523956,0
37.62459414927686,-70.67859037682439,0
32.28620748308213,-84.9647905418892,0
35.377285409306985,-72.75967331892983,0
35.871363346849066,-78.00182094254716,0
37.998584099001384,-80.42113846233332,0
32.13446802088756,-76.8942580221338,0
36.86209034662315,-88.15398660204731,0
34.61512755127294,-77.25857375938163,0
32.276641794196706,-71.0605823184526,0
30.634288013874272,-89.63277205409327,0
32.01209882628718,-70.57690225913171,0
32.60062069646298,-81.75505439063357,0
31.375786581454953,-81.79807145990134,0
32.99822923256414,-71.04511709771407,0
38.71730008953734,-70.956431769351,0
31.035178927474785,-75.62902591894641,0
34.78028035117264,-74.33108887539521,0
33.225314830719164,-70.15736762513268,0
39.8898636512549,-73.36832656927005,0
37.91747153223281,-84.64497717155554,0
37.8677637982412,-82.46922795895983,0
34.94968937222542,-79.25415239316031,0
35.92094640290705,-86.01775937736183,0
32.9485263975305,-84.86190484079667,0
39.86520033688722,-79.60612243370305,0
30.281348307545038,-74.80225159092713,0
31.64579093575577,-88.44623905632388,0
34.14180886902542,-74.68772136542141,0
36.536835502419905,-72.18467517881642,0
37.07369330079021,-80.3245305689422,0
31.177378769728648,-81.95238444382493,0
39.78932852274267,-74.06747369972102,0
30.322285136454777,-70.71553937279982,0
30.629021730634868,-81.82420968522193,0
36.141871835696406,-81.96650488765303,0
37.71681366823239,-84.83102277837394,0
33.346139958094476,-70.9165098261048,0
34.44160460456267,-78.31414678153101,0
36.011701400862975,-79.01116915439569,0
31.864527596385333,-77.18807363485726,0
38.235755781440446,-85.91511216876629,0
38.601812763034566,-75.19055885283925,0
35.485703200440916,-77.79903110425367,0
35.30550833954894,-70.70136732922282,0
30.368643263911306,-83.40924430056839,0
38.15470146805349,-88.17003699317529,0
39.39791230025049,-73.47561222945568,0
36.08171978492217,-79.12499584319913,0
33.902425727966346,-86.23935017017615,0
33.949424941001645,-73.25814453862573,0
36.413920982429936,-82.75532583887696,0
37.982882008838494,-71.5491690142366,0
33.2564115166082,-82.48919972498251,0
38.86604440700109,-79.15178282483735,0
32.01650632334253,-74.10262927686045,0
31.238416897877237,-73.6068433023375,0
38.774035085068455,-74.82462959566094,0
37.618560347014494,-72.45050670857474,0
35.51463248629293,-83.717316153186,0
30.904329844780058,-80.2447407725953,0
38.796453916017626,-76.31917212812263,0
35.54991071492635,-78.25957200831637,0
37.43105733035341,-70.65310841116187,0
32.39255606512016,-89.58733570731992,0
31.936098782464956,-81.53678054269373,0
35.47354836350186,-71.11759503840061,0
32.01359180208645,-86.55749616729159,0
38.288184004573395,-83.05316541350739,0
34.54720520967429,-70.3681964838671,0
32.55168564868716,-86.54956006125234,0
35.2201067924103,-75.63009598844465,0
32.39152197224579,-80.84407439871983,0
35.11166195697156,-72.81594717429059,0
30.09278045481892,-73.98521642624745,0
30.45103796315886,-86.40245052292754,0
39.59548623735719,-74.7704481547205,0
34.07950345875009,-77.84098802077655,0
32.421842710972214,-72.96304307828218,0
36.5744782138879,-78.76199723272988,0
32.36416148395974,-85.46888715275612,0
34.674735948263525,-86.61224703461431,0
30.150527771525805,-77.20235160346175,0
34.34675563081977,-79.63753313463155,0
35.007943599593595,-76.71002989151336,0
38.425459001791644,-88.33539465626308,0
37.86923475903259,-72.5541285729639,0
37.889338243324936,-75.74111259954361,0
33.17469827210601,-73.25598575930654,0
35.662036203857035,-77.80516453187894,0
34.025124648774444,-72.39959451637266,0
34.97208272744547,-83.21507377628392,0
32.86105453620818,-83.4820965016243,0
33.5710937730951,-75.13521107392378,0
31.20143039517063,-78.55286674686377,0
38.305901985754424,-88.82552301390761,0
32.699683703258735,-72.07123078686462,0
32.64544472519803,-77.24229603730544,0
35.78178753608214,-87.9510778514961,0
36.12113219207572,-72.24963506830053,0
35.17087730225629,-80.85266404403656,0
33.73499845152377,-76.41173049518736,0
33.5240207776817,-76.29773768075708,0
37.25314413615735,-76.51453718960728,0
39.44134484279189,-86.87792244515971,0
38.53211117775182,-77.29175690329579,0
39.84154123205745,-83.84153374139915,0
37.455466178234616,-75.68835906704713,0
33.30674202463741,-88.36701537107336,0
36.89823686736351,-76.52216099015777,0
37.52379801123853,-88.71506628551384,0
36.15175412125287,-87.13319907907383,0
30.1875319585357,-82.14980142301665,0
39.87211324374386,-78.12944057304313,0
32.988868046019846,-87.18036169749375,0
30.45435940615116,-73.43562304212277,0
32.66269698339244,-78.05235565788969,0
34.9894384674164,-89.46831677276053,0
32.20427061120284,-84.19280960168874,0
32.6284629240089,-75.83003257781192,0
34.02919228943705,-84.99022008684355,0
33.73811093969023,-85.69405273297251,0
35.34482551548789,-88.39186827565494,0
33.64988320921997,-72.90430138504938,0
37.656818068604615,-79.93146912332904,0
32.09126436961907,-81.39916692919469,0
35.06368094904627,-79.9773672275777,0
34.2043231399736,-81.4121993589335,0
34.27956397750386,-78.54971607997038,0
33.52438279592928,-85.89787529284956,0
31.63046680031544,-84.73590376591703,0
37.62760666745772,-89.83476966420125,0
38.14988745210161,-72.58238636669034,0
30.03689474362923,-86.18723119478342,0
32.15469113086472,-74.81952569564035,0
36.767247499763585,-74.92199454449977,0
30.073272592641526,-80.14094256717385,0
36.26672125333277,-74.05285165979379,0
39.981309481329994,-82.99787749345933,0
38.973004990278305,-71.52347876619903,0
37.43878998057005,-81.78061234156307,0
38.71338097102461,-77.8839354861028,0
36.71562397212839,-77.47083925465908,0
30.246391495061907,-72.71003052330691,0
32.67006163886706,-74.97630455937775,0
31.418104855646387,-76.28746510122049,0
31.65656741447894,-71.95508601164215,0
39.6082065984526,-70.36095931614489,0
35.609292368409136,-81.68116921230816,0
31.58447687194989,-84.98178965032864,0
33.96330592585569,-83.31759044505462,0
34.03298990547308,-80.18267574938346,0
32.66765304652602,-80.66257644967139,0
33.208825918482425,-74.67884520791723,0
37.236660745813104,-73.91958608851589,0
34.54527271372257,-85.65321235721592,0
31.16495695864501,-89.94002126995261,0
39.75543872361839,-86.44021720427483,0
30.700076300837317,-83.76205060577054,0
37.89538953620014,-83.15059819844959,0
30.618393420502215,-80.39427284886996,0
35.84081353356565,-82.06870940857847,0
30.48661777083564,-89.73799857998175,0
33.19460970368711,-83.69327008559394,0
32.872171104679,-83.74230041840063,0
34.37376911281522,-86.24717674876315,0
33.377674346047726,-70.17307617834356,0
31.729120767865933,-84.55917779326111,0
39.58204804830909,-77.02431854931397,0
34.250438223246,-70.95997580215229,0
34.28674897179066,-87.8718082689755,0
38.663046570439185,-72.45708836479254,0
34.26910208901434,-81.9951148560222,0
32.65787353624456,-74.31767833960245,0
35.88739277412015,-89.15968410179266,0
31.758914807723485,-81.69555311166877,0
38.036573265227226,-78.35018406437612,0
34.33921176976865,-71.54320142994656,0
37.27123780143627,-72.14631425312876,0
37.868105874246666,-73.3657060169621,0
35.028380005039566,-74.52513604127151,0
33.31373630526371,-82.38002696332529,0
35.78503541355333,-77.68674528661857,0
35.64143929975315,-86.12471208137308,0
33.95765049838258,-73.67187814491642,0
37.87961961516049,-82.95023813426617,0
33.39745709153898,-87.5683761884479,0
32.07952991208949,-82.29769191661588,0
31.200637023977407,-84.83723583465867,0
31.98031735970683,-87.36557527166745,0
35.99652273788159,-78.92699632445542,0
36.24617620054346,-81.24553219801184,0
31.466996071855203,-82.14109317625629,0
31.231507474115155,-83.69555933275642,0
38.75002420191973,-74.49599405980099,0
38.53120347839409,-82.14882153850893,0
32.69780726442714,-89.08004419624785,0
32.725168412562105,-83.67183241353568,0
33.193815612895385,-84.7833211810605,0
36.28691485144579,-86.43783825894181,0
32.40246100958698,-88.60603780861095,0
31.017607153640597,-73.25529863742896,0
31.946172657834964,-76.92002584973913,0
33.92370713555307,-88.05065844988263,0
33.274693702157435,-70.77612871946596,0
37.88476935604267,-74.0698719584098,0
39.557916056154646,-76.08281897298515,0
39.29403234701631,-80.20681819990442,0
33.52613948277495,-83.67664572878401,0
32.28201773592537,-70.04018315879767,0
39.57274824020854,-75.03831540810327,0
36.82193876130993,-83.60309147513946,0
38.82485627454759,-85.30878891746993,0
33.999451713392034,-83.35105100151378,0
30.690061879713326,-78.9676168499365,0
31.17974376958462,-88.931130498606,0
34.44204228250717,-78.89701527060994,0
39.85433760826955,-88.00060700104072,0
30.537100428257524,-82.59416592896804,0
32.14807584738646,-84.92168090720796,0
38.01437798707215,-87.36230164474287,0
39.880660624404356,-75.3566430460495,0
36.43721054303383,-81.67570058545047,0
30.27002952114774,-87.6525285953791,0
35.759133686496796,-82.65276163798477,0
34.143775113125365,-87.80995359592369,0
38.729220407343185,-88.24119110431323,0
37.41723348552492,-76.40900487177007,0
37.09081668152054,-78.85609737284359,0
31.959816107295858,-75.17007569232844,0
33.74810337136082,-88.17501232384305,0
36.7464840897297,-72.59548394483937,0
35.39871945742608,-80.89625520038632,0
36.487008319018386,-72.28457021117337,0
38.111129795067825,-76.47545588354834,0
35.35178671533105,-84.21300761763491,0
30.84904976351387,-71.09956753312517,0
32.39079820409634,-80.40957080143333,0
30.98946447246373,-88.6597649028906,0
31.644138385650336,-70.87014475815894,0
32.684017343506476,-88.02386625782725,0
32.34621274924573,-87.7592900789873,0
36.65042628981521,-75.43659532174298,0
34.25218761777911,-89.09354669570116,0
34.663307207875754,-88.05869462907489,0
30.971458623071644,-70.71392479995272,0
32.54013993475876,-80.34903610483114,0
33.91509237437298,-89.32539871411669,0
39.71012535005619,-79.38027722660512,0
36.852837619794414,-82.15541350019922,0
35.35736235394277,-82.67441034079059,0
32.46792949147225,-73.08485458240938,0
37.43994519280209,-81.80825525472518,0
34.313781156060664,-76.51888603883494,0
36.0719972339124,-87.62408859665521,0
32.704024199519125,-80.54278915314096,0
31.052998487499398,-78.31401431590238,0
35.56620958105119,-83.10788054051535,0
33.63122392293392,-77.31994174439214,0
35.62378188982914,-80.89156828524271,0
36.5201649128533,-89.25283767361019,0
30.402206191876967,-78.37616858178228,0
32.55344570666482,-88.5402849108285,0
32.88665789488502,-81.41605355074509,0
34.057654481888235,-82.55978891957452,0
32.91198187205676,-88.42808498033129,0
37.16092918036097,-86.86959659314746,0
39.267845420477364,-75.47178223916328,0
38.57676564612139,-87.53581706071358,0
35.621334417171184,-75.53693682929547,0
32.45665013201,-71.26459159629758,0
39.83268897138181,-70.51236077138222,0
38.82455894997157,-76.01936033749499,0
36.41369969943927,-79.1885779605803,0
32.03019187639724,-89.38038389053352,0
37.837858328615965,-80.53974857219141,0
31.970814784684993,-70.43949026038041,0
37.48825936526812,-79.56087375132704,0
38.73543178283086,-79.94857644341782,0
30.114299768895307,-82.07550318594507,0
36.935942172133736,-82.56327989192926,0
36.33319634575087,-70.88139476999191,0
38.61042722455814,-84.15084065575206,0
34.718959239990625,-72.95901222172273,0
31.453675065003196,-84.82042262631137,0
31.37967807084128,-70.57001933914412,0
34.73792358993267,-79.71026241309633,0
34.766492997157506,-85.70527197991878,0
38.36048564038777,-87.46216701211506,0
36.28400988708626,-79.27948942757996,0
39.786558884817424,-74.9528837168214,0
33.4063411688567,-70.06327753973581,0
38.44536807473668,-71.02904438974181,0
33.64234291905417,-76.35081761191701,0
39.950522794923046,-83.50554596383809,0
35.381124203444,-87.42882120589165,0
34.2986735290209,-79.68884023461547,0
36.51235320503304,-70.87098334470359,0
35.89578935014767,-78.00979159785271,0
39.80375279918795,-74.52614791718484,0
30.730792835474816,-71.23877283700877,0
39.38065933021458,-80.38072286574534,0
30.912639045468993,-83.25349542143177,0
33.02653535390094,-79.01054818578879,0
30.327369903836235,-72.44563534605514,0
33.89943904343429,-89.61439190939721,0
33.6894729230206,-84.11007182844146,0
34.80550953269939,-84.457802267231,0
36.29254485110462,-85.80123937202251,0
30.044634576602363,-76.99843681360922,0
30.158972261703397,-77.96347370596052,0
35.80241446856267,-80.9899971314206,0
34.493134122303296,-87.378661641386,0
36.380491323628895,-85.0528625328538,0
33.432383193172655,-77.64006474371143,0
32.11360880854509,-84.59098378223099,0
30.75188433238541,-72.72239068115356,0
30.818601716788528,-71.81631613398103,0
30.003621087863426,-71.77203569004423,0
32.494066202535585,-71.46145054327492,0
31.371890484129878,-82.6427006936985,0
32.94805903543148,-87.1624161310361,0
34.14455082863603,-87.8210539178149,0
38.21789968285885,-88.61751895896411,0
35.7963044635512,-75.16511425502054,0
38.98734495065476,-72.71824971585293,0
36.60016084855747,-72.88958809160385,0
32.850686778405624,-79.3289126868149,0
35.473448361262776,-75.81216039946867,0
36.471175841019246,-81.51714554305227,0
31.199425452482153,-73.04971089257523,0
34.17744818718199,-82.61001965060191,0
37.31127058374545,-77.18325843696603,0
32.578589212395606,-85.77662461386151,0
31.88096016291768,-75.33224464475224,0
33.34082179662271,-73.54862521897437,0
30.391090612750126,-72.3529929689857,0
32.23076179462682,-81.35135342410373,0
39.657615006103676,-74.58807184213278,0
30.63242500086068,-88.16278112187807,0
39.679944748137096,-80.07153308494615,0
34.91421392326761,-86.93647705482772,0
31.585495318637374,-77.44386228970473,0
34.321177335721885,-75.280387919996,0
36.86000193523887,-85.0390698168096,0
38.858512026254964,-75.73270881169516,0
38.36300521981668,-86.64108358566476,0
37.20934362722673,-86.16205452299064,0
30.28873626558628,-87.22466302735793,0
34.953315107734305,-72.54951586369243,0
35.069933170702654,-89.04170225470116,0
35.508712559308634,-81.67054081451724,0
38.52188935879482,-88.13954711238098,0
30.066660571994174,-74.24213918836418,0
34.66278922861788,-76.37110324671343,0
35.057590007316065,-73.26014922079172,0
37.56713670137082,-73.84232986256998,0
39.51734266487485,-79.30932832645308,0
30.81330851886562,-77.68657724365622,0
30.15394026486517,-88.44085198485854,0
33.32359412740184,-83.46057764723065,0
34.53183065724924,-78.60566717056629,0
39.7418895746105,-86.85754818828114,0
32.79748181711575,-89.1443616624334,0
31.169842357154227,-78.90948068935698,0
39.464415295007235,-83.48845504552801,0
36.09763567809237,-77.35456855246908,0
39.84355304810009,-88.37113211954136,0
32.59383019105275,-88.78668824264078,0
39.433395516083436,-74.67210108449584,0
36.85499745401039,-77.95899652002579,0
38.07211614246082,-78.19997440727394,0
33.12470957325107,-78.34455087635806,0
36.37854973755298,-72.56361932133198,0
31.79832624575387,-76.22474713048024,0
30.20742561473746,-79.79571303123096,0
32.92178084487311,-79.42165999096956,0
34.01295996408986,-78.54771918101139,0
31.799889193621105,-76.50544292442436,0
36.19751518683012,-86.32220653314009,0
39.14952017849951,-73.99924940168701,0
33.27384656828603,-72.25835507068773,0
32.7969087696895,-88.69725968051887,0
31.017613501439797,-83.12460320777276,0
32.003211149898064,-88.79663855936882,0
38.9065627644959,-77.12575299839533,0
37.76044227930675,-79.34706552810233,0
39.1350598745273,-84.36738411174342,0
30.568863724728345,-76.24372802518837,0
34.404474702464455,-81.68841012835664,0
34.665242484842736,-77.24636209613108,0
33.51040310515154,-78.14893794927744,0
35.457222537226876,-89.39399097026165,0
30.56682687798116,-75.06904518767553,0
37.129002891365886,-73.36201753972999,0
32.45636207550907,-86.72279430487598,0
39.79008033415852,-72.93959362912095,0
33.8294907759499,-80.14752297801148,0
36.55815219189021,-72.95521927456565,0
30.941271929465174,-87.35712700447462,0
35.227580641403456,-75.88227231175783,0
30.039036568129376,-79.16126098520286,0
39.08294160789056,-75.01637328042582,0
37.17631915612743,-73.35137158392419,0
33.686993190660424,-70.41857846275136,0
30.00886645610021,-70.98829326436213,0
38.51188553660833,-75.55486504171473,0
31.850857935189772,-87.99880195666586,0
33.159689232791635,-77.34638457253021,0
36.927231776942214,-75.56874071107892,0
32.6606715719677,-72.31714686441747,0
37.25439098215465,-89.78505758340748,0
32.87071246028965,-85.98382704522014,0
37.39319936682528,-88.43654899555429,0
34.91561888100007,-83.2989234908465,0
37.01218014363385,-73.43279029896999,0
38.2330104858966,-87.32990562265697,0
30.014177113871856,-88.94954944461668,0
35.244653686673914,-73.59688168074864,0
34.05434584325317,-73.0559176259812,0
32.18637480247664,-82.76838739485629,0
30.066556699218573,-80.8088450717364,0
38.05720704976464,-74.13792711746751,0
30.568814950140478,-85.46673146606793,0
32.51027003543946,-75.49552267220643,0
31.3315413400896,-87.46060597884606,0
32.320538171380996,-70.27758298836842,0
30.10604398422638,-75.45512702094757,0
37.43883531263642,-71.19275937410767,0
36.12365876904235,-82.8221158236758,0
30.929057765414132,-78.18628742739023,0
37.532325584453304,-72.71413664686229,0
39.8814591033898,-75.21432609177407,0
34.19435465244374,-88.14543148681616,0
39.771246597482964,-74.24228625424317,0
39.49454151404923,-76.94484796675857,0
31.415607043224163,-72.81783285497707,0
37.092277881981936,-85.30190596391205,0
31.163423796040533,-84.7460292261364,0
38.65550439214634,-80.52672320166786,0
34.627011607988734,-72.97926606067635,0
31.143780098963987,-87.65649326310647,0
31.351418617412886,-84.16837043190439,0
31.17461524735291,-82.19521987330546,0
31.64790557238245,-86.22752437847886,0
39.10070140039082,-76.26319208041026,0
36.443821000998646,-73.42528145340718,0
32.75538245325545,-77.73127263286597,0
34.523962965887556,-82.85232293082828,0
32.33282426981957,-80.2923733325956,0
36.588473281827305,-87.23354449878325,0
31.6527440959706,-72.34178544152321,0
35.41513431107052,-76.89327148900175,0
35.559862773951764,-84.50091793511517,0
33.437436186768394,-71.28842556682986,0
34.203353821943296,-70.21191804891815,0
31.93378635816717,-81.42443859141277,0
36.885151993595144,-79.07800607547776,0
32.2070818246869,-71.98298578206787,0
33.29319242454841,-89.65241762888715,0
34.02795519217257,-88.37487382585424,0
36.55229942249504,-89.9711251015024,0
35.91731537282471,-87.65718219605434,0
38.92883356465201,-88.07942821703567,0
35.456536992736034,-71.49049512497315,0
37.43530657872402,-83.61605479658196,0
37.40996289354429,-73.43237909211307,0
30.9957406753889,-79.18612625690706,0
33.549938907861886,-74.41778028226021,0
33.21032425704686,-83.54562742509825,0
37.376587723697526,-84.41266066504284,0
37.9104928894338,-72.77732325646582,0
38.5851249585426,-81.01781043975065,0
34.120613952151196,-71.75056203581323,0
36.60106407481218,-73.46040666826387,0
31.063797389096507,-73.37189999769988,0
32.13615263848847,-73.52674051189678,0
31.82656240971762,-78.81796450223828,0
35.63460443956612,-71.9931495263528,0
32.439797880354476,-73.32235614687846,0
37.33333212910687,-82.3016305395214,0
34.71490761476364,-86.61535527197154,0
32.02304842584801,-85.57261364215894,0
32.71958800734717,-83.11105309371302,0
31.16130119324659,-82.52370245215099,0
32.666058989699756,-84.32854076098772,0
30.209830588798763,-70.19185689204357,0
35.864756583460796,-78.61532254164256,0
33.881475142229576,-84.81811110474092,0
37.07762194510181,-70.31190591323885,0
33.38538674116772,-80.6836584656065,0
30.567202135510726,-76.24072776472632,0
37.835977115253186,-82.89145850449316,0
39.162373114376734,-70.86666018331009,0
37.5427198331436,-84.89357524974112,0
34.70750215796386,-79.73044761827052,0
37.361734498381615,-89.18929525291531,0
32.08703830014099,-85.63310237509071,0
35.80114822727257,-71.74831216348419,0
39.793502412936,-76.45648790759479,0
35.470464457596066,-88.5020122301846,0
38.54870782288124,-75.03720152966743,0
35.90884268889927,-87.02914217692356,0
35.245007251373494,-70.85410458367672,0
30.039730997806203,-75.88080329807644,0
35.97393469290332,-85.65366600666788,0
35.34270123668966,-77.18602984387066,0
37.239435884658015,-73.2262446727505,0
35.91800465634961,-86.82667490846143,0
32.394731658777424,-74.88274679850741,0
33.08545884260058,-88.69334949562636,0
34.53522235770916,-84.18503139172921,0
39.962314958230095,-76.93192196414597,0
32.81698920657732,-72.76948579756673,0
34.65580197808728,-80.45088527148332,0
31.368503644920906,-89.81356015992651,0
35.80204101252095,-79.12617040520807,0
35.92835708524698,-81.43769724348256,0
33.77596347124943,-82.65332593425673,0
30.273078482160564,-81.82693368535192,0
38.66820568931264,-77.09634755958959,0
34.899331305073346,-80.7339408996725,0
39.32492362660259,-85.81040519120643,0
33.53159350180686,-81.60494678634421,0
36.895585929867636,-83.00254479502789,0
36.51480876770394,-89.47302223097431,0
33.74504783764905,-76.60458143118896,0
35.751279121427146,-83.51252732196043,0
33.520231745842864,-80.41723904740977,0
38.19212507661576,-75.1128461291499,0
39.77398650165329,-73.43800812364701,0
38.72845574285613,-79.56348606693778,0
32.20346205014312,-72.73157057439887,0
31.882882407561453,-85.14061945888236,0
33.145117454562985,-78.42799418393152,0
38.85496907648656,-84.70960434690633,0
30.452761781806167,-81.47081870338087,0
34.54715243244472,-77.54047143157986,0
39.04862959517445,-83.36285464211733,0
38.17290854927875,-82.93105918065831,0
38.82255365354856,-71.16248222016708,0
36.57922109556374,-85.61385102638015,0
36.55751198201474,-82.80235289239128,0
36.73521647488089,-85.03287171056131,0
33.09123497401692,-73.63519904100006,0
32.570614953145366,-89.44840479573517,0
34.17989058773553,-77.69402238342737,0
38.64019713790973,-79.71080493600506,0
36.7729205207414,-82.78383074518311,0
39.63686208855023,-70.3644001095852,0
38.40579122530081,-76.50026164538792,0
31.562658641581393,-89.28575118352963,0
37.30435081515524,-79.1900091333214,0
32.72652453787626,-82.5501487728534,0
33.123660457463636,-78.98906723712389,0
32.56685126816496,-73.51898027384001,0
39.006986924308706,-71.9838267155423,0
36.48039050853722,-84.54468148460097,0
37.04704996279425,-78.19637968972197,0
32.41829491080412,-78.49133761640033,0
32.51131452046946,-71.951835986269,0
38.63373804071471,-76.56363980072862,0
35.35418582165127,-76.6143868380571,0
37.9061785438065,-87.44601048455965,0
34.062758548264775,-81.25441856510326,0
31.234862393343768,-88.03556367073323,0
33.197894117078434,-71.95934973311635,0
39.764785447061065,-84.96073471386893,0
39.05756051018357,-75.59676584386264,0
35.78715566782209,-86.16987698367707,0
37.42679805647769,-77.22154577964153,0
34.051621467083244,-71.00898848635664,0
35.59631859625525,-89.1373998667086,0
35.48508069244249,-78.12229875150432,0
37.171341846212606,-82.891381506468,0
36.549687317418574,-72.96097344208606,0
36.68922021451872,-84.5551999065633,0
39.992678059900584,-81.58564390994121,0
33.80339077805121,-73.40038037654541,0
36.614294139611125,-75.03876509561871,0
31.07842079358743,-81.21259528798511,0
36.00428675393061,-76.48420991883285,0
33.06598434742818,-77.33202545811086,0
36.001820753012716,-88.37062091927305,0
39.16788507547015,-78.65180659991618,0
36.12671755754582,-72.62897576957795,0
32.18331458473908,-86.0780727777244,0
33.928901627188544,-89.76468949014864,0
35.92943457859214,-89.31965610834668,0
37.97499472082392,-74.47898253976852,0
34.85982193073181,-87.73408060348167,0
34.35816691645199,-89.47055077468772,0
39.59919528658464,-83.53643113509585,0
35.85991121405744,-76.29772168133375,0
31.159581441063217,-74.95224197790354,0
38.816937606499565,-84.45806891298298,0
33.49255090466581,-76.73113975531163,0
39.50826600438453,-84.3230890270872,0
35.088284692790594,-75.75471003387477,0
31.45668486603246,-72.4115904333635,0
38.489261799100774,-70.35788510660969,0
33.11241744715585,-87.7279642644587,0
36.38194389954114,-73.91806079125418,0
30.15888392811871,-82.70079816105229,0
31.675545498299257,-76.78081310218941,0
31.820258468668428,-70.2791278895875,0
36.78898412676563,-86.84611072530242,0
36.823993938018276,-77.49715567333146,0
34.37702053750937,-77.3515291335098,0
32.22966152900829,-73.16786034539344,0
33.41608102111762,-80.53168082681351,0
30.419252513468354,-80.66516284528298,0
34.676831259223526,-78.59907977628914,0
34.229988852773694,-71.2772732977298,0
32.1864864968537,-84.6890666437442,0
38.785592303781904,-88.82610286031698,0
36.45646302292948,-76.48676051807509,0
30.117922549273324,-72.57955563938442,0
36.228598224922564,-80.75847688591276,0
39.981806241464405,-82.58574273326938,0
36.59502577047752,-76.12563335996754,0
35.58312570900603,-87.12693133451273,0
38.97241037882758,-73.8540577018691,0
34.18576060628098,-89.48766491551169,0
38.430084580926064,-74.92310209229554,0
39.04673007798117,-77.79874299295044,0
38.89826389491276,-79.3161699254988,0
32.92082982475597,-89.07761439741081,0
35.22782624194763,-75.03442559920272,0
36.530675460734535,-84.28715678311609,0
30.059564892490965,-70.19076300515486,0
34.94116627120266,-83.99707866961691,0
35.212171023503466,-70.91388199430108,0
36.11893627731101,-70.86933971088827,0
30.278720274355162,-71.65015547138547,0
32.61849366525362,-84.26865774924524,0
32.55392697199939,-77.33526970117933,0
35.94739190260547,-82.93103367058228,0
35.85075658669146,-81.78529118544563,0
39.28126647635359,-79.64846820757239,0
31.285232312205956,-79.29958828161074,0
32.9881490496161,-70.11628782514626,0
38.53188655046325,-81.58327767272849,0
31.36762182503885,-87.42131137122902,0
39.559025109815934,-75.24067850714214,0
32.67085003142523,-86.02037309127876,0
38.90850483908682,-75.43232410552649,0
38.860978681541404,-88.5637878178249,0
35.93455964119879,-80.91615606925238,0
31.201573806828524,-83.00718674337566,0
36.62033994275389,-79.95242092511067,0
33.63806276892586,-84.92463843717948,0
32.99646030189894,-71.23123286618048,0
32.70515308164078,-87.57723860906114,0
36.03234152714366,-71.60463856349432,0
33.62095470417946,-82.86969129596325,0
39.80492638279501,-70.35323879684233,0
32.485349290331,-76.95825152687745,0
37.54879356092347,-74.82410965569343,0
37.92287171296796,-78.34409690728174,0
31.847000211573064,-72.36950689950915,0
33.01135641698592,-78.72848638788447,0
35.946039970153315,-71.1241672016738,0
33.52852764371959,-81.44023016099631,0
37.00272616452045,-71.47626987986865,0
37.39789477924963,-85.0766560241201,0
39.606474299301254,-85.48443864788105,0
36.58338778824479,-88.94332462922331,0
32.96067316592722,-81.70972829087103,0
39.26848528535085,-84.67983860127342,0
38.20148511576167,-87.17555992677558,0
36.22644134059267,-83.77398336175315,0
39.25891642934978,-71.32500742343261,0
39.72127650886495,-84.9972265496381,0
32.28235610189815,-73.09511026992857,0
30.327419957941814,-85.71710511962348,0
35.782450129377665,-89.83306937324167,0
31.5949131133142,-81.81966886039895,0
36.10604987414924,-76.54662393990219,0
36.6410878156899,-82.1576668315842,0
39.56973349323948,-77.19391899611229,0
36.91803631501552,-74.6070708255091,0
33.41895918483946,-79.20508462755657,0
35.23106741568753,-71.56378062257042,0
34.84550317684774,-70.34532436628928,0
31.201383028442713,-82.35562187286922,0
35.392172549562964,-78.58263938604885,0
35.941241791363005,-80.808340852221,0
37.92936986464447,-86.27942129268924,0
30.10118378547986,-71.42192590769515,0
39.198384241884824,-84.83709554656585,0
31.28274582859658,-71.04639894119947,0
38.07775723152227,-78.31737868443913,0
33.000864712232904,-82.21231433302692,0
33.947280367656454,-83.23865651595217,0
33.59625397142721,-74.81115831698037,0
37.84983364182396,-85.23116480084344,0
33.97178831964654,-87.4184375889114,0
36.237194934459104,-87.58440862539838,0
33.547501590437555,-83.38042338097115,0
37.89237344183585,-76.57564821918339,0
34.7663023291142,-84.07914379007448,0
35.534170842839316,-75.21321541504989,0
32.26571792315493,-70.31421359300063,0
39.339289388124364,-74.80441124458744,0
31.227540085429474,-75.47283202030542,0
33.84678502413125,-78.34442962142832,0
39.64019260867188,-70.39990825145294,0
37.962758166174396,-70.28325798760993,0
35.84209754108784,-78.25226180213515,0
34.22572498801653,-76.34874073325854,0
30.874371729255973,-89.45917976383024,0
32.066787877510805,-83.51481817135478,0
35.53666677980198,-85.64120848465029,0
34.32673455059532,-85.02644957995044,0
34.94196849508469,-80.15335184882719,0
34.01549158002821,-80.05119620781502,0
39.00904569463199,-86.3947463502882,0
31.089862226693057,-85.94780626332638,0
30.260062971531102,-88.8559834324326,0
32.62477191014854,-77.83763444800539,0
36.54636910764904,-80.48649816236986,0
31.27797059366967,-82.55892740295985,0
34.827314924024584,-76.41843253896411,0
36.42815514798256,-80.59084693419175,0
37.947003258776306,-88.6453542032864,0
34.235502045915034,-74.97485672514262,0
31.57035662257859,-70.60283628892611,0
32.60946871668993,-80.55080163346106,0
38.35739269684055,-70.7877164003682,0
36.53236373708479,-88.62297813432917,0
34.714736722824476,-80.12273591684622,0
36.92952793395046,-76.35379504797375,0
33.81834569486803,-89.51660267103458,0
35.73917575628168,-77.17673960882996,0
32.483719031745515,-82.01288557264046,0
33.04571885845199,-88.39680290515312,0
38.0071767038077,-71.23769055503641,0
35.91694236609575,-74.49249127165761,0
33.93442216815593,-79.49953148272272,0
36.04518686766789,-82.66448471991964,0
34.988243906840566,-81.24023348186657,0
37.83163617232508,-80.67582773467387,0
30.47559232515119,-79.4157394225287,0
35.19211152073023,-89.18896460840246,0
37.76000841294649,-77.8296544054231,0
37.556189597694114,-75.6192262505834,0
38.64346680911181,-81.21851361499552,0
34.940227241323186,-73.33521427201168,0
30.546438010035317,-74.6671152126214,0
31.249028570901174,-71.91440218468723,0
31.61319709266388,-75.51866917018697,0
34.15303975954777,-89.84111577623771,0
36.59345634810199,-72.98925446941695,0
31.35089667364825,-74.27197161322808,0
39.7885622788505,-85.02546725017166,0
30.611070212163796,-87.60887932869593,0
32.41394856019395,-85.89966819430053,0
39.86033698097213,-71.98655159960056,0
39.44334415052831,-78.69653923430074,0
32.21959938783009,-73.56201571517475,0
39.839870819283995,-84.37584898462731,0
37.7764329603983,-87.3025698458776,0
35.750230062361574,-83.87821047000797,0
38.03590100011672,-87.45981083447549,0
37.21401095905341,-74.59762178270938,0
39.18019330170023,-80.4902102592867,0
39.781817403973854,-76.55031352359558,0
33.44997725468251,-70.15955764349647,0
36.4716786759999,-80.09258215858853,0
35.23540029679151,-81.20342830955983,0
33.16337029615753,-83.03806891484159,0
30.87834366872643,-88.0013658890753,0
39.997803229572895,-70.77329170425547,0
35.68341737312563,-87.1951005589909,0
33.56109756280645,-78.68272730885141,0
30.99121446650452,-78.09762306328946,0
33.16029742789918,-80.4854252279502,0
38.9700001597766,-89.95038848916802,0
32.88857572489537,-84.87260382944505,0
30.361957091201173,-82.78851654144383,0
34.749560911231896,-75.26620273043578,0
37.52738742318104,-79.45538806968905,0
35.69276103052568,-76.75896094898344,0
32.07557821878109,-88.2905617616087,0
38.48931682585307,-88.17449741294804,0
30.32304243057864,-73.1438662674633,0
33.93697998262016,-74.74381632347713,0
37.39539115655198,-84.48427956045785,0
38.30746415901763,-79.74628583778616,0
37.62277502755075,-75.90956074186339,0
37.036810895860775,-87.14158855333554,0
38.5121662269967,-73.08099029010208,0
33.21847578071595,-70.70076993217809,0
35.304870490720454,-78.79557653078068,0
32.62210765678718,-88.12745685679018,0
35.99971960210621,-89.22320907948917,0
36.287642169693285,-75.4153883351219,0
35.76230234584016,-70.34380023331298,0
35.36320488224061,-74.90403408346042,0
35.96147230773145,-80.51171100872261,0
36.96917325251129,-82.01526202889107,0
33.36169875670103,-73.2181854361024,0
30.81676214251692,-70.21371441376337,0
39.03483289360642,-73.80856671457587,0
31.87755942092644,-80.47690748097757,0
32.20976387733331,-82.62041288117423,0
31.908256825771986,-84.61024916110802,0
37.816665015513166,-84.29569509570302,0
32.249694893778724,-71.08319272674794,0
39.86282641862759,-82.74604123639183,0
34.203453141663225,-89.11531579947373,0
31.182766375862887,-82.74025449100924,0
30.496199536453993,-72.17278827984697,0
36.22184282911286,-74.3520325590933,0
38.39762279271319,-84.96173993230059,0
31.25819371323858,-80.40431704571026,0
32.173818070090796,-82.26620062741493,0
37.22985323552314,-83.25430338999169,0
31.67056407118225,-85.54369657204919,0
33.85300302441351,-72.00523647776615,0
38.05224850696784,-70.86397230697769,0
32.95359422653911,-80.70708396984953,0
32.92793217929814,-88.1076308278813,0
32.92264557328018,-71.86494506505773,0
36.73555347514608,-89.34697077095791,0
36.345669053884315,-86.01312957227948,0
33.932474920865914,-78.20926246328908,0
37.94094236580895,-84.28974002182125,0
31.672048832264526,-72.45308481361087,0
37.73132247854122,-72.6999932917565,0
33.246910970292056,-70.499207631983,0
35.07241712224804,-81.06431332405216,0
34.39172030470718,-83.07207244165265,0
34.619026226818264,-71.63175433775857,0
32.3644668040726,-73.79430369325205,0
38.368771220849354,-77.23708101961219,0
36.418730257792625,-82.1773574349806,0
37.299512869693864,-76.98615677211764,0
32.21005219737575,-87.45903481831624,0
36.05885785205514,-86.64018848167055,0
38.09314947408215,-78.50960686627658,0
38.19773324561204,-87.97385461111034,0
30.876151708030896,-79.87330329108075,0
33.812890268244004,-78.87266708309103,0
32.53226094896128,-81.25974159881719,0
34.14578215913929,-75.59249882549982,0
32.31225080587935,-84.67280292810132,0
34.789124428717216,-73.91059716412377,0
32.818354154887764,-84.87702279216391,0
39.570927444663795,-87.29569472967839,0
30.22423656204623,-87.81752388335431,0
30.695149844879253,-76.55734454597611,0
35.06383785425096,-75.69676540900656,0
33.02556848507187,-84.78776412182489,0
34.686426769115926,-71.7125857259528,0
38.42661309273888,-84.2530188579254,0
32.73598078097694,-80.24487803619645,0
39.763298591473124,-76.17818630555564,0
36.60578884338925,-72.74123883968694,0
31.1608466036002,-87.53157913202273,0
37.22554962118506,-88.48714518426763,0
30.15106539364213,-80.96142534527495,0
39.93582147924731,-84.79835956323859,0
39.91649659867274,-80.12844238985069,0
37.65026898862346,-86.43571208859619,0
35.38274779760695,-78.09557859830242,0
32.35400719860946,-82.97992138813048,0
30.84965486911222,-88.32962760362733,0
34.62194889187752,-87.27741151109117,0
39.12640791908264,-84.15116037510352,0
36.99333663513058,-87.69437268566548,0
39.11074851533425,-71.80739489729724,0
34.42619203242852,-85.13148238632591,0
37.16329624043354,-70.12094512264437,0
35.13488106633327,-74.68949294462374,0
36.39293058964321,-85.18929971575656,0
37.34151116077008,-84.9720487296103,0
32.752718299765355,-88.38792805830755,0
33.40380272377403,-78.93514932448656,0
38.961517593872,-75.53619365815744,0
32.7045581223548,-72.91581282996512,0
38.98595880601508,-75.80837376264527,0
38.56787395180736,-85.32395027122072,0
30.539599220313164,-75.95326379693924,0
31.686774277498362,-82.72514389756587,0
36.4067189692975,-86.64129547254072,0
39.817695499824126,-78.0198323752277,0
37.5265003740821,-88.79380253846429,0
31.798461137912277,-72.822498644337,0
30.37302268977415,-72.73970781266178,0
36.00940125320257,-81.52609515993765,0
38.172829190055786,-89.36906795625964,0
36.4011869598025,-80.30674590079114,0
39.31462345694014,-76.13151908757196,0
32.956914156842224,-76.0178949096741,0
33.15508659283687,-85.73349778967574,0
37.420202420201576,-87.2902003193773,0
36.5163055764009,-81.85252310148023,0
34.78281169383739,-86.65133223173382,0
33.83691975369674,-83.42362529472409,0
38.51096306898225,-70.70677759444597,0
39.68203233934956,-70.36293506923963,0
30.7010918406445,-74.32039447973544,0
39.27247659878675,-80.57464866089985,0
38.07087585318812,-80.56730737452835,0
33.10816479708023,-84.63404688503509,0
37.492956825459856,-78.21877367489131,0
33.02151936928461,-70.58173506756438,0
34.68656703515071,-83.25516774361834,0
30.253297294213905,-80.59491215750396,0
31.221230968522057,-82.65444373011853,0
36.59147550639963,-73.6568887055528,0
31.359138552986593,-78.63121189846254,0
33.90347774311304,-74.34252463231643,0
39.38664998585247,-78.51657729565588,0
34.08295302606314,-81.92063681617005,0
33.537303431558826,-71.78437337129408,0
35.39163012669224,-88.91690514485454,0
34.29645453068698,-76.13947077353902,0
31.582663811950187,-77.63590720409341,0
33.56359332088802,-70.96213104753743,0
31.51706913776655,-85.04051161477298,0
33.93617236046524,-83.40592274047422,0
35.4103685423571,-80.4196672250174,0
39.08425588595814,-79.3646438264693,0
32.30737290940712,-70.69780288470129,0
32.19380162173707,-70.38065404208685,0
33.53420045274956,-76.3731526482361,0
36.99683023643696,-70.666268215924,0
38.46441620460493,-89.41032854036983,0
30.596183177513737,-71.36299167139556,0
39.32621547371746,-76.82551353092039,0
38.28438774810904,-84.83756937265571,0
31.330016373989565,-76.27244135902981,0
37.427477707023385,-89.03867669034103,0
37.558289974530744,-72.98109922650134,0
30.789183471875297,-84.7624938729002,0
36.01578742375557,-74.79382134579866,0
36.16998694509823,-82.10893867736011,0
31.835267230356564,-78.97360644185527,0
36.626198886747886,-84.47791289731268,0
30.23015989059307,-82.76771795605032,0
34.451335253952514,-78.9289016283793,0
39.114570486400055,-77.51293294650432,0
33.799462046183486,-86.67706853737033,0
36.46696043346141,-75.94023489157178,0
36.07509339972464,-86.04410718318468,0
38.39051375359169,-72.41223871711743,0
37.504892777876364,-72.75806648750435,0
31.219333717566645,-73.75189777566375,0
34.101413404161484,-75.53819343636425,0
37.176276848032536,-89.40290788950998,0
34.097281139758906,-75.76444229967424,0
31.84711093042778,-74.26270492838601,0
36.961174524838306,-76.25734275930586,0
38.93849125817415,-72.58602941867457,0
38.681508988467186,-73.20357363223431,0
38.823856434125524,-71.23372959514911,0
34.20760147817629,-77.46076584307988,0
38.20494271292147,-70.80553046907478,0
37.42867974046044,-89.48051171838638,0
36.10279892519002,-77.27873551634318,0
39.312897047752216,-83.07566328610524,0
32.40937346538739,-76.9533880442823,0
33.465278659161726,-84.08688287715292,0
30.30303682073112,-85.98966141962045,0
39.783187431984885,-84.26058836169346,0
32.552290934521885,-83.08294592924887,0
38.423128827073924,-74.68533940207188,0
38.09368073154646,-81.58204556614913,0
33.7059289588297,-79.18962794386698,0
31.08544978172876,-79.64046414100132,0
34.86439630824396,-85.51152444454758,0
38.80138097566342,-85.68509728943555,0
38.61150896394024,-72.03812036830853,0
38.24922744075166,-78.00872224856133,0
34.21015532557848,-89.10293224174384,0
33.712339849468094,-81.2832507069839,0
38.33122400110763,-85.71273874356893,0
32.17783534178711,-85.93606587650477,0
35.973905952805424,-75.07167066031928,0
